Michael,SMITH
James,JOHNSON
John,WILLIAMS
Robert,BROWN
David,JONES
William,GARCIA
Mary,RODRIGUEZ
Christopher,MILLER
Joseph,MARTINEZ
Richard,DAVIS
Daniel,HERNANDEZ
Thomas,LOPEZ
Matthew,GONZALEZ
Jennifer,WILSON
Charles,ANDERSON
Anthony,THOMAS
Patricia,TAYLOR
Linda,LEE
Mark,MOORE
Elizabeth,JACKSON
Joshua,PEREZ
Steven,MARTIN
Andrew,THOMPSON
Kevin,WHITE
Brian,SANCHEZ
Barbara,HARRIS
Jessica,RAMIREZ
Jason,CLARK
Susan,LEWIS
Timothy,ROBINSON
Paul,WALKER
Kenneth,YOUNG
Lisa,HALL
Ryan,ALLEN
Sarah,TORRES
Karen,NGUYEN
Jeffrey,WRIGHT
Donald,FLORES
Ashley,KING
Eric,SCOTT
Jacob,RIVERA
Nicholas,GREEN
Jonathan,HILL
Ronald,ADAMS
Michelle,BAKER
Kimberly,NELSON
Nancy,MITCHELL
Justin,CAMPBELL
Sandra,GOMEZ
Amanda,CARTER
Brandon,ROBERTS
Stephanie,DIAZ
Emily,PHILLIPS
Melissa,EVANS
Gary,TURNER
Edward,REYES
Stephen,CRUZ
Scott,PARKER
George,EDWARDS
Donna,COLLINS
Jose,STEWART
Rebecca,MORRIS
Deborah,MORALES
Laura,ORTIZ
Cynthia,GUTIERREZ
Carol,MURPHY
Amy,ROGERS
Margaret,COOK
Gregory,KIM
Sharon,MORGAN
Larry,COOPER
Angela,RAMOS
Maria,PETERSON
Alexander,GONZALES
Benjamin,BELL
Nicole,REED
Kathleen,BAILEY
Patrick,CHAVEZ
Samantha,KELLY
Tyler,HOWARD
Samuel,RICHARDSON
Betty,WARD
Brenda,COX
Pamela,RUIZ
Aaron,BROOKS
Kelly,WATSON
Heather,WOOD
Rachel,JAMES
Adam,MENDOZA
Christine,GRAY
Zachary,BENNETT
Debra,ALVAREZ
Katherine,CASTILLO
Dennis,PRICE
Nathan,HUGHES
Christina,VASQUEZ
Julie,SANDERS
Jordan,JIMENEZ
Kyle,LONG
Anna,FOSTER
